Workbook

Sheet Dashboard
A1: Dashboard - Chat luong Van hanh chuyen nghiep 2
A2: Tong quan KPI tu sheet Nhap lieu
A4: Tong dong | C4: Tong ke hoach | E4: Tong thuc hien | G4: Ty le TB
A5: =COUNTA('Nhap lieu'!A5:A64) | C5: =SUM('Nhap lieu'!D5:D64) | E5: =SUM('Nhap lieu'!E5:E64) | G5: =AVERAGEIF('Nhap lieu'!G5:G64,">0",'Nhap lieu'!G5:G64)
A8: Bang tom tat uu tien
A10: Hang muc | B10: Ke hoach | C10: Thuc te | D10: Trang thai
A11: ='Nhap lieu'!C5 | B11: ='Nhap lieu'!D5 | C11: ='Nhap lieu'!E5 | D11: ='Nhap lieu'!H5
A12: ='Nhap lieu'!C6 | B12: ='Nhap lieu'!D6 | C12: ='Nhap lieu'!E6 | D12: ='Nhap lieu'!H6
A13: ='Nhap lieu'!C7 | B13: ='Nhap lieu'!D7 | C13: ='Nhap lieu'!E7 | D13: ='Nhap lieu'!H7
A14: ='Nhap lieu'!C8 | B14: ='Nhap lieu'!D8 | C14: ='Nhap lieu'!E8 | D14: ='Nhap lieu'!H8
A15: ='Nhap lieu'!C9 | B15: ='Nhap lieu'!D9 | C15: ='Nhap lieu'!E9 | D15: ='Nhap lieu'!H9
A16: ='Nhap lieu'!C10 | B16: ='Nhap lieu'!D10 | C16: ='Nhap lieu'!E10 | D16: ='Nhap lieu'!H10
A20: Xu huong 12 muc dau
A22: Muc | B22: Ke hoach | C22: Thuc hien
A23: ='Nhap lieu'!C5 | B23: ='Nhap lieu'!D5 | C23: ='Nhap lieu'!E5
A24: ='Nhap lieu'!C6 | B24: ='Nhap lieu'!D6 | C24: ='Nhap lieu'!E6
A25: ='Nhap lieu'!C7 | B25: ='Nhap lieu'!D7 | C25: ='Nhap lieu'!E7
A26: ='Nhap lieu'!C8 | B26: ='Nhap lieu'!D8 | C26: ='Nhap lieu'!E8
A27: ='Nhap lieu'!C9 | B27: ='Nhap lieu'!D9 | C27: ='Nhap lieu'!E9
A28: ='Nhap lieu'!C10 | B28: ='Nhap lieu'!D10 | C28: ='Nhap lieu'!E10
A29: ='Nhap lieu'!C11 | B29: ='Nhap lieu'!D11 | C29: ='Nhap lieu'!E11
A30: ='Nhap lieu'!C12 | B30: ='Nhap lieu'!D12 | C30: ='Nhap lieu'!E12
A31: ='Nhap lieu'!C13 | B31: ='Nhap lieu'!D13 | C31: ='Nhap lieu'!E13
A32: ='Nhap lieu'!C14 | B32: ='Nhap lieu'!D14 | C32: ='Nhap lieu'!E14
A33: ='Nhap lieu'!C15 | B33: ='Nhap lieu'!D15 | C33: ='Nhap lieu'!E15
A34: ='Nhap lieu'!C16 | B34: ='Nhap lieu'!D16 | C34: ='Nhap lieu'!E16

Sheet Nhap lieu
A1: Chat luong Van hanh chuyen nghiep 2
A2: Nhap du lieu tai bang ben duoi. Cac cot tinh toan da co cong thuc mau.
A4: Ma hang | B4: Ten hang | C4: Nhom | D4: Ton dau | E4: Nhap | F4: Xuat | G4: Ton cuoi | H4: Dinh muc | I4: Canh bao | J4: Phu trach
A5: Ma hang 01 | B5: Ten hang 01 | C5: Tai chinh | D5: 19 | E5: 19 | F5: 19 | G5: =D5+E5-F5 | H5: Dinh muc 01 | I5: =IF(G5<H5,"Can nhap them","OK") | J5: Tran Binh
A6: Ma hang 02 | B6: Ten hang 02 | C6: Nhan su | D6: 26 | E6: 26 | F6: 26 | G6: =D6+E6-F6 | H6: Dinh muc 02 | I6: =IF(G6<H6,"Can nhap them","OK") | J6: Le Chi
A7: Ma hang 03 | B7: Ten hang 03 | C7: Van hanh | D7: 33 | E7: 33 | F7: 33 | G7: =D7+E7-F7 | H7: Dinh muc 03 | I7: =IF(G7<H7,"Can nhap them","OK") | J7: Pham Dung
A8: Ma hang 04 | B8: Ten hang 04 | C8: Marketing | D8: 40 | E8: 40 | F8: 40 | G8: =D8+E8-F8 | H8: Dinh muc 04 | I8: =IF(G8<H8,"Can nhap them","OK") | J8: Hoang Linh
A9: Ma hang 05 | B9: Ten hang 05 | C9: Ban giam doc | D9: 47 | E9: 47 | F9: 47 | G9: =D9+E9-F9 | H9: Dinh muc 05 | I9: =IF(G9<H9,"Can nhap them","OK") | J9: Do Mai
A10: Ma hang 06 | B10: Ten hang 06 | C10: Kinh doanh | D10: 54 | E10: 54 | F10: 54 | G10: =D10+E10-F10 | H10: Dinh muc 06 | I10: =IF(G10<H10,"Can nhap them","OK") | J10: Nguyen An
A11: Ma hang 07 | B11: Ten hang 07 | C11: Tai chinh | D11: 61 | E11: 61 | F11: 61 | G11: =D11+E11-F11 | H11: Dinh muc 07 | I11: =IF(G11<H11,"Can nhap them","OK") | J11: Tran Binh
A12: Ma hang 08 | B12: Ten hang 08 | C12: Nhan su | D12: 68 | E12: 68 | F12: 68 | G12: =D12+E12-F12 | H12: Dinh muc 08 | I12: =IF(G12<H12,"Can nhap them","OK") | J12: Le Chi
A13: Ma hang 09 | B13: Ten hang 09 | C13: Van hanh | D13: 75 | E13: 75 | F13: 75 | G13: =D13+E13-F13 | H13: Dinh muc 09 | I13: =IF(G13<H13,"Can nhap them","OK") | J13: Pham Dung
A14: Ma hang 10 | B14: Ten hang 10 | C14: Marketing | D14: 82 | E14: 82 | F14: 82 | G14: =D14+E14-F14 | H14: Dinh muc 10 | I14: =IF(G14<H14,"Can nhap them","OK") | J14: Hoang Linh
A15: Ma hang 11 | B15: Ten hang 11 | C15: Ban giam doc | D15: 89 | E15: 89 | F15: 89 | G15: =D15+E15-F15 | H15: Dinh muc 11 | I15: =IF(G15<H15,"Can nhap them","OK") | J15: Do Mai
A16: Ma hang 12 | B16: Ten hang 12 | C16: Kinh doanh | D16: 96 | E16: 96 | F16: 96 | G16: =D16+E16-F16 | H16: Dinh muc 12 | I16: =IF(G16<H16,"Can nhap them","OK") | J16: Nguyen An
... A64: Ma hang 60 | B64: Ten hang 60 | C64: Kinh doanh | D64: 432 | E64: 432 | F64: 432 | G64: =D64+E64-F64 | H64: Dinh muc 60 | I64: =IF(G64<H64,"Can nhap them","OK") | J64: Nguyen An

Sheet Control Panel
A1: Control Panel
A2: Thiet lap tham so, muc tieu va thong tin quan tri template.
A4: Tham so | B4: Gia tri | C4: Ghi chu
A5: Ten template | B5: Chat luong Van hanh chuyen nghiep 2 | C5: Thong tin nhan dien
A6: Nhom nghiep vu | B6: Van hanh | C6: Dung de loc va phan quyen
A7: Nam ke hoach | B7: 2026 | C7: Co the doi theo nam bao cao
A8: Don vi tien te | B8: VND | C8: Dung trong dinh dang tien
A9: Nguong canh bao | B9: 0.7 | C9: Ty le thap hon nguong se can chu y
A10: Muc tieu premium | B10: 0.9 | C10: Ty le dat ky vong
A11: Nguoi so huu | B11: Nguyen An | C11: Nguoi chiu trach nhiem cap nhat
A12: Phien ban | B12: 2.0-premium | C12: Quan ly version noi bo

Sheet Tu dien du lieu
A1: Tu dien du lieu
A2: Mo ta cot, kieu du lieu, muc bat buoc va cong thuc lien quan.
A4: Cot | B4: Kieu du lieu | C4: Bat buoc | D4: Nguon/Validation | E4: Cong thuc/Ghi chu | F4: Dung cho AI
A5: Ma hang | B5: Van ban | C5: Co | D5: Nhap tay | E5: Nguoi dung cap nhat | F5: Co
A6: Ten hang | B6: Van ban | C6: Co | D6: Nhap tay | E6: Nguoi dung cap nhat | F6: Co
A7: Nhom | B7: Van ban | C7: Co | D7: Dropdown | E7: Nguoi dung cap nhat | F7: Co
A8: Ton dau | B8: Van ban | C8: Co | D8: Nhap tay | E8: Nguoi dung cap nhat | F8: Co
A9: Nhap | B9: Van ban | C9: Co | D9: Nhap tay | E9: Nguoi dung cap nhat | F9: Co
A10: Xuat | B10: Van ban | C10: Co | D10: Nhap tay | E10: Nguoi dung cap nhat | F10: Co
A11: Ton cuoi | B11: Van ban | C11: Co | D11: Nhap tay | E11: Cot tinh tu dong | F11: Co
A12: Dinh muc | B12: Van ban | C12: Co | D12: Nhap tay | E12: Nguoi dung cap nhat | F12: Co
A13: Canh bao | B13: Van ban | C13: Co | D13: Nhap tay | E13: Cot tinh tu dong | F13: Co
A14: Phu trach | B14: Van ban | C14: Co | D14: Dropdown | E14: Nguoi dung cap nhat | F14: Co

Sheet Kiem tra
A1: Kiem tra chat luong
A2: Checklist tu dong de phat hien dong thieu du lieu, canh bao va bat thuong.
A4: Hang muc kiem tra | B4: Ket qua | C4: Ghi chu
A5: So dong co du lieu | B5: =COUNTA('Nhap lieu'!A5:A64) | C5: Theo doi quy mo du lieu
A6: Dong thieu trang thai | B6: =COUNTBLANK('Nhap lieu'!H5:H64) | C6: Can bo sung de dashboard dung
A7: Dong thieu nguoi phu trach | B7: =COUNTBLANK('Nhap lieu'!J5:J64) | C7: Can bo sung owner
A8: Dong can chu y | B8: =COUNTIF('Nhap lieu'!H5:H64,"Can chu y") | C8: Can xu ly uu tien
A9: Gia tri am cot ke hoach | B9: =COUNTIF('Nhap lieu'!D5:D64,"<0") | C9: Khong nen co so am
A10: Gia tri am cot thuc hien | B10: =COUNTIF('Nhap lieu'!E5:E64,"<0") | C10: Khong nen co so am

Sheet Bao cao dieu hanh
A1: Bao cao dieu hanh
A2: Trang tom tat co the copy sang email, Word hoac PowerPoint.
A4: Tom tat
A5: Template Chat luong Van hanh chuyen nghiep 2 da san sang cho nhap lieu, theo doi KPI va kiem tra chat luong.
A8: Diem noi bat
A9: Co dashboard, bang du lieu co validation, chart, checklist loi va tu dien du lieu.
A12: Hanh dong tiep theo
A13: Cap nhat sheet Nhap lieu, kiem tra tab Kiem tra, sau do dung Dashboard/Bao cao dieu hanh.
A16: Rui ro can theo doi
A17: Dong co trang thai Can chu y, thieu owner, thieu trang thai hoac gia tri am.

Sheet Danh muc
A1: Danh muc dung chung
A2: Dung cho dropdown, chuan hoa trang thai va nguoi phu trach.
A4: Trang thai | B4: Nguoi phu trach | C4: Bo phan | D4: Muc do | E4: Ghi chu
A5: Moi | B5: Nguyen An | C5: Kinh doanh | D5: Thap | E5: Co the thay doi theo doanh nghiep
A6: Dang xu ly | B6: Tran Binh | C6: Tai chinh | D6: Trung binh | E6: Co the thay doi theo doanh nghiep
A7: Dung tien do | B7: Le Chi | C7: Nhan su | D7: Cao | E7: Co the thay doi theo doanh nghiep
A8: Can chu y | B8: Pham Dung | C8: Van hanh | D8: Thap | E8: Co the thay doi theo doanh nghiep
A9: Hoan tat | B9: Hoang Linh | C9: Marketing | D9: Trung binh | E9: Co the thay doi theo doanh nghiep
A10: Moi | B10: Do Mai | C10: Ban giam doc | D10: Cao | E10: Co the thay doi theo doanh nghiep
A11: Dang xu ly | B11: Nguyen An | C11: Kinh doanh | D11: Thap | E11: Co the thay doi theo doanh nghiep
A12: Dung tien do | B12: Tran Binh | C12: Tai chinh | D12: Trung binh | E12: Co the thay doi theo doanh nghiep
A13: Can chu y | B13: Le Chi | C13: Nhan su | D13: Cao | E13: Co the thay doi theo doanh nghiep
A14: Hoan tat | B14: Pham Dung | C14: Van hanh | D14: Thap | E14: Co the thay doi theo doanh nghiep
A15: Moi | B15: Hoang Linh | C15: Marketing | D15: Trung binh | E15: Co the thay doi theo doanh nghiep
A16: Dang xu ly | B16: Do Mai | C16: Ban giam doc | D16: Cao | E16: Co the thay doi theo doanh nghiep

Sheet Huong dan
A1: Huong dan su dung template
A2: Quy trinh de ap dung nhanh trong ExcelAI va Excel.
A4: Buoc | B4: Khu vuc | C4: Mo ta
A5: 0 | B5: Control Panel | C5: Dien tham so quan tri, nguong canh bao va nguoi so huu.
A6: 1 | B6: Nhap lieu | C6: Cap nhat cac dong trong sheet Nhap lieu, khong xoa dong header.
A7: 2 | B7: Kiem tra | C7: Dung filter va conditional formatting de tim dong can chu y.
A8: 3 | B8: Dashboard | C8: Dashboard tu cap nhat bang cong thuc va bieu do.
A9: 4 | B9: Tu dien du lieu | C9: Doc mo ta cot de map du lieu doanh nghiep vao template.
A10: 5 | B10: Bao cao dieu hanh | C10: Copy noi dung tom tat sang email, Word hoac PowerPoint.
A11: 6 | B11: Xuat bao cao | C11: Tai len ExcelAI de chat, lam sach, doi soat hoac tao bao cao.
