Workbook

Sheet Dashboard
A1: Dashboard - Dao tao Nhan su chuyen nghiep 2
A2: Tong quan KPI tu sheet Nhap lieu
A4: Tong dong | C4: Tong ke hoach | E4: Tong thuc hien | G4: Ty le TB
A5: =COUNTA('Nhap lieu'!A5:A64) | C5: =SUM('Nhap lieu'!D5:D64) | E5: =SUM('Nhap lieu'!E5:E64) | G5: =AVERAGEIF('Nhap lieu'!G5:G64,">0",'Nhap lieu'!G5:G64)
A8: Bang tom tat uu tien
A10: Hang muc | B10: Ke hoach | C10: Thuc te | D10: Trang thai
A11: ='Nhap lieu'!C5 | B11: ='Nhap lieu'!D5 | C11: ='Nhap lieu'!E5 | D11: ='Nhap lieu'!H5
A12: ='Nhap lieu'!C6 | B12: ='Nhap lieu'!D6 | C12: ='Nhap lieu'!E6 | D12: ='Nhap lieu'!H6
A13: ='Nhap lieu'!C7 | B13: ='Nhap lieu'!D7 | C13: ='Nhap lieu'!E7 | D13: ='Nhap lieu'!H7
A14: ='Nhap lieu'!C8 | B14: ='Nhap lieu'!D8 | C14: ='Nhap lieu'!E8 | D14: ='Nhap lieu'!H8
A15: ='Nhap lieu'!C9 | B15: ='Nhap lieu'!D9 | C15: ='Nhap lieu'!E9 | D15: ='Nhap lieu'!H9
A16: ='Nhap lieu'!C10 | B16: ='Nhap lieu'!D10 | C16: ='Nhap lieu'!E10 | D16: ='Nhap lieu'!H10
A20: Xu huong 12 muc dau
A22: Muc | B22: Ke hoach | C22: Thuc hien
A23: ='Nhap lieu'!C5 | B23: ='Nhap lieu'!D5 | C23: ='Nhap lieu'!E5
A24: ='Nhap lieu'!C6 | B24: ='Nhap lieu'!D6 | C24: ='Nhap lieu'!E6
A25: ='Nhap lieu'!C7 | B25: ='Nhap lieu'!D7 | C25: ='Nhap lieu'!E7
A26: ='Nhap lieu'!C8 | B26: ='Nhap lieu'!D8 | C26: ='Nhap lieu'!E8
A27: ='Nhap lieu'!C9 | B27: ='Nhap lieu'!D9 | C27: ='Nhap lieu'!E9
A28: ='Nhap lieu'!C10 | B28: ='Nhap lieu'!D10 | C28: ='Nhap lieu'!E10
A29: ='Nhap lieu'!C11 | B29: ='Nhap lieu'!D11 | C29: ='Nhap lieu'!E11
A30: ='Nhap lieu'!C12 | B30: ='Nhap lieu'!D12 | C30: ='Nhap lieu'!E12
A31: ='Nhap lieu'!C13 | B31: ='Nhap lieu'!D13 | C31: ='Nhap lieu'!E13
A32: ='Nhap lieu'!C14 | B32: ='Nhap lieu'!D14 | C32: ='Nhap lieu'!E14
A33: ='Nhap lieu'!C15 | B33: ='Nhap lieu'!D15 | C33: ='Nhap lieu'!E15
A34: ='Nhap lieu'!C16 | B34: ='Nhap lieu'!D16 | C34: ='Nhap lieu'!E16

Sheet Nhap lieu
A1: Dao tao Nhan su chuyen nghiep 2
A2: Nhap du lieu tai bang ben duoi. Cac cot tinh toan da co cong thuc mau.
A4: Ma NV | B4: Ho ten | C4: Bo phan | D4: Chuc danh | E4: Ngay cong | F4: Luong co ban | G4: Phu cap | H4: Khau tru | I4: Tong cong | J4: Trang thai
A5: Ma NV 01 | B5: Ho ten 01 | C5: Tai chinh | D5: Chuc danh 01 | E5: 46054 | F5: 2250000 | G5: 2250000 | H5: 2250000 | I5: =F5+G5-H5 | J5: Dang xu ly
A6: Ma NV 02 | B6: Ho ten 02 | C6: Nhan su | D6: Chuc danh 02 | E6: 46083 | F6: 3000000 | G6: 3000000 | H6: 3000000 | I6: =F6+G6-H6 | J6: Dung tien do
A7: Ma NV 03 | B7: Ho ten 03 | C7: Van hanh | D7: Chuc danh 03 | E7: 46115 | F7: 3750000 | G7: 3750000 | H7: 3750000 | I7: =F7+G7-H7 | J7: Can chu y
A8: Ma NV 04 | B8: Ho ten 04 | C8: Marketing | D8: Chuc danh 04 | E8: 46146 | F8: 4500000 | G8: 4500000 | H8: 4500000 | I8: =F8+G8-H8 | J8: Hoan tat
A9: Ma NV 05 | B9: Ho ten 05 | C9: Ban giam doc | D9: Chuc danh 05 | E9: 46178 | F9: 5250000 | G9: 5250000 | H9: 5250000 | I9: =F9+G9-H9 | J9: Moi
A10: Ma NV 06 | B10: Ho ten 06 | C10: Kinh doanh | D10: Chuc danh 06 | E10: 46209 | F10: 6000000 | G10: 6000000 | H10: 6000000 | I10: =F10+G10-H10 | J10: Dang xu ly
A11: Ma NV 07 | B11: Ho ten 07 | C11: Tai chinh | D11: Chuc danh 07 | E11: 46241 | F11: 6750000 | G11: 6750000 | H11: 6750000 | I11: =F11+G11-H11 | J11: Dung tien do
A12: Ma NV 08 | B12: Ho ten 08 | C12: Nhan su | D12: Chuc danh 08 | E12: 46273 | F12: 7500000 | G12: 7500000 | H12: 7500000 | I12: =F12+G12-H12 | J12: Can chu y
A13: Ma NV 09 | B13: Ho ten 09 | C13: Van hanh | D13: Chuc danh 09 | E13: 46304 | F13: 8250000 | G13: 8250000 | H13: 8250000 | I13: =F13+G13-H13 | J13: Hoan tat
A14: Ma NV 10 | B14: Ho ten 10 | C14: Marketing | D14: Chuc danh 10 | E14: 46336 | F14: 9000000 | G14: 9000000 | H14: 9000000 | I14: =F14+G14-H14 | J14: Moi
A15: Ma NV 11 | B15: Ho ten 11 | C15: Ban giam doc | D15: Chuc danh 11 | E15: 46367 | F15: 9750000 | G15: 9750000 | H15: 9750000 | I15: =F15+G15-H15 | J15: Dang xu ly
A16: Ma NV 12 | B16: Ho ten 12 | C16: Kinh doanh | D16: Chuc danh 12 | E16: 46034 | F16: 10500000 | G16: 10500000 | H16: 10500000 | I16: =F16+G16-H16 | J16: Dung tien do
... A64: Ma NV 60 | B64: Ho ten 60 | C64: Kinh doanh | D64: Chuc danh 60 | E64: 46050 | F64: 46500000 | G64: 46500000 | H64: 46500000 | I64: =F64+G64-H64 | J64: Moi

Sheet Control Panel
A1: Control Panel
A2: Thiet lap tham so, muc tieu va thong tin quan tri template.
A4: Tham so | B4: Gia tri | C4: Ghi chu
A5: Ten template | B5: Dao tao Nhan su chuyen nghiep 2 | C5: Thong tin nhan dien
A6: Nhom nghiep vu | B6: Nhan su | C6: Dung de loc va phan quyen
A7: Nam ke hoach | B7: 2026 | C7: Co the doi theo nam bao cao
A8: Don vi tien te | B8: VND | C8: Dung trong dinh dang tien
A9: Nguong canh bao | B9: 0.7 | C9: Ty le thap hon nguong se can chu y
A10: Muc tieu premium | B10: 0.9 | C10: Ty le dat ky vong
A11: Nguoi so huu | B11: Nguyen An | C11: Nguoi chiu trach nhiem cap nhat
A12: Phien ban | B12: 2.0-premium | C12: Quan ly version noi bo

Sheet Tu dien du lieu
A1: Tu dien du lieu
A2: Mo ta cot, kieu du lieu, muc bat buoc va cong thuc lien quan.
A4: Cot | B4: Kieu du lieu | C4: Bat buoc | D4: Nguon/Validation | E4: Cong thuc/Ghi chu | F4: Dung cho AI
A5: Ma NV | B5: Van ban | C5: Co | D5: Nhap tay | E5: Nguoi dung cap nhat | F5: Co
A6: Ho ten | B6: Van ban | C6: Co | D6: Nhap tay | E6: Nguoi dung cap nhat | F6: Co
A7: Bo phan | B7: Van ban | C7: Co | D7: Dropdown | E7: Nguoi dung cap nhat | F7: Co
A8: Chuc danh | B8: Van ban | C8: Co | D8: Nhap tay | E8: Nguoi dung cap nhat | F8: Co
A9: Ngay cong | B9: Ngay | C9: Co | D9: Nhap tay | E9: Nguoi dung cap nhat | F9: Co
A10: Luong co ban | B10: Tien te | C10: Co | D10: Nhap tay | E10: Nguoi dung cap nhat | F10: Co
A11: Phu cap | B11: Van ban | C11: Co | D11: Nhap tay | E11: Nguoi dung cap nhat | F11: Co
A12: Khau tru | B12: Van ban | C12: Co | D12: Nhap tay | E12: Nguoi dung cap nhat | F12: Co
A13: Tong cong | B13: Van ban | C13: Co | D13: Nhap tay | E13: Cot tinh tu dong | F13: Co
A14: Trang thai | B14: Van ban | C14: Co | D14: Dropdown | E14: Nguoi dung cap nhat | F14: Co

Sheet Kiem tra
A1: Kiem tra chat luong
A2: Checklist tu dong de phat hien dong thieu du lieu, canh bao va bat thuong.
A4: Hang muc kiem tra | B4: Ket qua | C4: Ghi chu
A5: So dong co du lieu | B5: =COUNTA('Nhap lieu'!A5:A64) | C5: Theo doi quy mo du lieu
A6: Dong thieu trang thai | B6: =COUNTBLANK('Nhap lieu'!J5:J64) | C6: Can bo sung de dashboard dung
A7: Dong thieu nguoi phu trach | B7: =COUNTBLANK('Nhap lieu'!I5:I64) | C7: Can bo sung owner
A8: Dong can chu y | B8: =COUNTIF('Nhap lieu'!J5:J64,"Can chu y") | C8: Can xu ly uu tien
A9: Gia tri am cot ke hoach | B9: =COUNTIF('Nhap lieu'!D5:D64,"<0") | C9: Khong nen co so am
A10: Gia tri am cot thuc hien | B10: =COUNTIF('Nhap lieu'!E5:E64,"<0") | C10: Khong nen co so am

Sheet Bao cao dieu hanh
A1: Bao cao dieu hanh
A2: Trang tom tat co the copy sang email, Word hoac PowerPoint.
A4: Tom tat
A5: Template Dao tao Nhan su chuyen nghiep 2 da san sang cho nhap lieu, theo doi KPI va kiem tra chat luong.
A8: Diem noi bat
A9: Co dashboard, bang du lieu co validation, chart, checklist loi va tu dien du lieu.
A12: Hanh dong tiep theo
A13: Cap nhat sheet Nhap lieu, kiem tra tab Kiem tra, sau do dung Dashboard/Bao cao dieu hanh.
A16: Rui ro can theo doi
A17: Dong co trang thai Can chu y, thieu owner, thieu trang thai hoac gia tri am.

Sheet Danh muc
A1: Danh muc dung chung
A2: Dung cho dropdown, chuan hoa trang thai va nguoi phu trach.
A4: Trang thai | B4: Nguoi phu trach | C4: Bo phan | D4: Muc do | E4: Ghi chu
A5: Moi | B5: Nguyen An | C5: Kinh doanh | D5: Thap | E5: Co the thay doi theo doanh nghiep
A6: Dang xu ly | B6: Tran Binh | C6: Tai chinh | D6: Trung binh | E6: Co the thay doi theo doanh nghiep
A7: Dung tien do | B7: Le Chi | C7: Nhan su | D7: Cao | E7: Co the thay doi theo doanh nghiep
A8: Can chu y | B8: Pham Dung | C8: Van hanh | D8: Thap | E8: Co the thay doi theo doanh nghiep
A9: Hoan tat | B9: Hoang Linh | C9: Marketing | D9: Trung binh | E9: Co the thay doi theo doanh nghiep
A10: Moi | B10: Do Mai | C10: Ban giam doc | D10: Cao | E10: Co the thay doi theo doanh nghiep
A11: Dang xu ly | B11: Nguyen An | C11: Kinh doanh | D11: Thap | E11: Co the thay doi theo doanh nghiep
A12: Dung tien do | B12: Tran Binh | C12: Tai chinh | D12: Trung binh | E12: Co the thay doi theo doanh nghiep
A13: Can chu y | B13: Le Chi | C13: Nhan su | D13: Cao | E13: Co the thay doi theo doanh nghiep
A14: Hoan tat | B14: Pham Dung | C14: Van hanh | D14: Thap | E14: Co the thay doi theo doanh nghiep
A15: Moi | B15: Hoang Linh | C15: Marketing | D15: Trung binh | E15: Co the thay doi theo doanh nghiep
A16: Dang xu ly | B16: Do Mai | C16: Ban giam doc | D16: Cao | E16: Co the thay doi theo doanh nghiep

Sheet Huong dan
A1: Huong dan su dung template
A2: Quy trinh de ap dung nhanh trong ExcelAI va Excel.
A4: Buoc | B4: Khu vuc | C4: Mo ta
A5: 0 | B5: Control Panel | C5: Dien tham so quan tri, nguong canh bao va nguoi so huu.
A6: 1 | B6: Nhap lieu | C6: Cap nhat cac dong trong sheet Nhap lieu, khong xoa dong header.
A7: 2 | B7: Kiem tra | C7: Dung filter va conditional formatting de tim dong can chu y.
A8: 3 | B8: Dashboard | C8: Dashboard tu cap nhat bang cong thuc va bieu do.
A9: 4 | B9: Tu dien du lieu | C9: Doc mo ta cot de map du lieu doanh nghiep vao template.
A10: 5 | B10: Bao cao dieu hanh | C10: Copy noi dung tom tat sang email, Word hoac PowerPoint.
A11: 6 | B11: Xuat bao cao | C11: Tai len ExcelAI de chat, lam sach, doi soat hoac tao bao cao.
