Workbook

Sheet Dashboard
A1: Dashboard - Cong no Tai chinh chuyen nghiep 1
A2: Tong quan KPI tu sheet Nhap lieu
A4: Tong dong | C4: Tong ke hoach | E4: Tong thuc hien | G4: Ty le TB
A5: =COUNTA('Nhap lieu'!A5:A64) | C5: =SUM('Nhap lieu'!D5:D64) | E5: =SUM('Nhap lieu'!E5:E64) | G5: =AVERAGEIF('Nhap lieu'!G5:G64,">0",'Nhap lieu'!G5:G64)
A8: Bang tom tat uu tien
A10: Hang muc | B10: Ke hoach | C10: Thuc te | D10: Trang thai
A11: ='Nhap lieu'!C5 | B11: ='Nhap lieu'!D5 | C11: ='Nhap lieu'!E5 | D11: ='Nhap lieu'!H5
A12: ='Nhap lieu'!C6 | B12: ='Nhap lieu'!D6 | C12: ='Nhap lieu'!E6 | D12: ='Nhap lieu'!H6
A13: ='Nhap lieu'!C7 | B13: ='Nhap lieu'!D7 | C13: ='Nhap lieu'!E7 | D13: ='Nhap lieu'!H7
A14: ='Nhap lieu'!C8 | B14: ='Nhap lieu'!D8 | C14: ='Nhap lieu'!E8 | D14: ='Nhap lieu'!H8
A15: ='Nhap lieu'!C9 | B15: ='Nhap lieu'!D9 | C15: ='Nhap lieu'!E9 | D15: ='Nhap lieu'!H9
A16: ='Nhap lieu'!C10 | B16: ='Nhap lieu'!D10 | C16: ='Nhap lieu'!E10 | D16: ='Nhap lieu'!H10
A20: Xu huong 12 muc dau
A22: Muc | B22: Ke hoach | C22: Thuc hien
A23: ='Nhap lieu'!C5 | B23: ='Nhap lieu'!D5 | C23: ='Nhap lieu'!E5
A24: ='Nhap lieu'!C6 | B24: ='Nhap lieu'!D6 | C24: ='Nhap lieu'!E6
A25: ='Nhap lieu'!C7 | B25: ='Nhap lieu'!D7 | C25: ='Nhap lieu'!E7
A26: ='Nhap lieu'!C8 | B26: ='Nhap lieu'!D8 | C26: ='Nhap lieu'!E8
A27: ='Nhap lieu'!C9 | B27: ='Nhap lieu'!D9 | C27: ='Nhap lieu'!E9
A28: ='Nhap lieu'!C10 | B28: ='Nhap lieu'!D10 | C28: ='Nhap lieu'!E10
A29: ='Nhap lieu'!C11 | B29: ='Nhap lieu'!D11 | C29: ='Nhap lieu'!E11
A30: ='Nhap lieu'!C12 | B30: ='Nhap lieu'!D12 | C30: ='Nhap lieu'!E12
A31: ='Nhap lieu'!C13 | B31: ='Nhap lieu'!D13 | C31: ='Nhap lieu'!E13
A32: ='Nhap lieu'!C14 | B32: ='Nhap lieu'!D14 | C32: ='Nhap lieu'!E14
A33: ='Nhap lieu'!C15 | B33: ='Nhap lieu'!D15 | C33: ='Nhap lieu'!E15
A34: ='Nhap lieu'!C16 | B34: ='Nhap lieu'!D16 | C34: ='Nhap lieu'!E16

Sheet Nhap lieu
A1: Cong no Tai chinh chuyen nghiep 1
A2: Nhap du lieu tai bang ben duoi. Cac cot tinh toan da co cong thuc mau.
A4: Ngay | B4: Bo phan | C4: Hang muc | D4: Ngan sach | E4: Thuc te | F4: Chenh lech | G4: Ty le | H4: Trang thai | I4: Nguoi phu trach | J4: Ghi chu
A5: 46054 | B5: Tai chinh | C5: 46054 | D5: 2250000 | E5: 2250000 | F5: =E5-D5 | G5: =IFERROR(E5/D5,0) | H5: Dang xu ly | I5: Tran Binh | J5: Ghi chu 01
A6: 46083 | B6: Nhan su | C6: 46083 | D6: 3000000 | E6: 3000000 | F6: =E6-D6 | G6: =IFERROR(E6/D6,0) | H6: Dung tien do | I6: Le Chi | J6: Ghi chu 02
A7: 46115 | B7: Van hanh | C7: 46115 | D7: 3750000 | E7: 3750000 | F7: =E7-D7 | G7: =IFERROR(E7/D7,0) | H7: Can chu y | I7: Pham Dung | J7: Ghi chu 03
A8: 46146 | B8: Marketing | C8: 46146 | D8: 4500000 | E8: 4500000 | F8: =E8-D8 | G8: =IFERROR(E8/D8,0) | H8: Hoan tat | I8: Hoang Linh | J8: Ghi chu 04
A9: 46178 | B9: Ban giam doc | C9: 46178 | D9: 5250000 | E9: 5250000 | F9: =E9-D9 | G9: =IFERROR(E9/D9,0) | H9: Moi | I9: Do Mai | J9: Ghi chu 05
A10: 46209 | B10: Kinh doanh | C10: 46209 | D10: 6000000 | E10: 6000000 | F10: =E10-D10 | G10: =IFERROR(E10/D10,0) | H10: Dang xu ly | I10: Nguyen An | J10: Ghi chu 06
A11: 46241 | B11: Tai chinh | C11: 46241 | D11: 6750000 | E11: 6750000 | F11: =E11-D11 | G11: =IFERROR(E11/D11,0) | H11: Dung tien do | I11: Tran Binh | J11: Ghi chu 07
A12: 46273 | B12: Nhan su | C12: 46273 | D12: 7500000 | E12: 7500000 | F12: =E12-D12 | G12: =IFERROR(E12/D12,0) | H12: Can chu y | I12: Le Chi | J12: Ghi chu 08
A13: 46304 | B13: Van hanh | C13: 46304 | D13: 8250000 | E13: 8250000 | F13: =E13-D13 | G13: =IFERROR(E13/D13,0) | H13: Hoan tat | I13: Pham Dung | J13: Ghi chu 09
A14: 46336 | B14: Marketing | C14: 46336 | D14: 9000000 | E14: 9000000 | F14: =E14-D14 | G14: =IFERROR(E14/D14,0) | H14: Moi | I14: Hoang Linh | J14: Ghi chu 10
A15: 46367 | B15: Ban giam doc | C15: 46367 | D15: 9750000 | E15: 9750000 | F15: =E15-D15 | G15: =IFERROR(E15/D15,0) | H15: Dang xu ly | I15: Do Mai | J15: Ghi chu 11
A16: 46034 | B16: Kinh doanh | C16: 46034 | D16: 10500000 | E16: 10500000 | F16: =E16-D16 | G16: =IFERROR(E16/D16,0) | H16: Dung tien do | I16: Nguyen An | J16: Ghi chu 12
... A64: 46050 | B64: Kinh doanh | C64: 46050 | D64: 46500000 | E64: 46500000 | F64: =E64-D64 | G64: =IFERROR(E64/D64,0) | H64: Moi | I64: Nguyen An | J64: Ghi chu 60

Sheet Control Panel
A1: Control Panel
A2: Thiet lap tham so, muc tieu va thong tin quan tri template.
A4: Tham so | B4: Gia tri | C4: Ghi chu
A5: Ten template | B5: Cong no Tai chinh chuyen nghiep 1 | C5: Thong tin nhan dien
A6: Nhom nghiep vu | B6: Tai chinh | C6: Dung de loc va phan quyen
A7: Nam ke hoach | B7: 2026 | C7: Co the doi theo nam bao cao
A8: Don vi tien te | B8: VND | C8: Dung trong dinh dang tien
A9: Nguong canh bao | B9: 0.7 | C9: Ty le thap hon nguong se can chu y
A10: Muc tieu premium | B10: 0.9 | C10: Ty le dat ky vong
A11: Nguoi so huu | B11: Nguyen An | C11: Nguoi chiu trach nhiem cap nhat
A12: Phien ban | B12: 2.0-premium | C12: Quan ly version noi bo

Sheet Tu dien du lieu
A1: Tu dien du lieu
A2: Mo ta cot, kieu du lieu, muc bat buoc va cong thuc lien quan.
A4: Cot | B4: Kieu du lieu | C4: Bat buoc | D4: Nguon/Validation | E4: Cong thuc/Ghi chu | F4: Dung cho AI
A5: Ngay | B5: Ngay | C5: Co | D5: Nhap tay | E5: Nguoi dung cap nhat | F5: Co
A6: Bo phan | B6: Van ban | C6: Co | D6: Dropdown | E6: Nguoi dung cap nhat | F6: Co
A7: Hang muc | B7: Ngay | C7: Co | D7: Nhap tay | E7: Nguoi dung cap nhat | F7: Co
A8: Ngan sach | B8: Tien te | C8: Co | D8: Nhap tay | E8: Nguoi dung cap nhat | F8: Co
A9: Thuc te | B9: Tien te | C9: Co | D9: Nhap tay | E9: Nguoi dung cap nhat | F9: Co
A10: Chenh lech | B10: Van ban | C10: Co | D10: Nhap tay | E10: Cot tinh tu dong | F10: Co
A11: Ty le | B11: Phan tram | C11: Co | D11: Nhap tay | E11: Cot tinh tu dong | F11: Co
A12: Trang thai | B12: Van ban | C12: Co | D12: Dropdown | E12: Nguoi dung cap nhat | F12: Co
A13: Nguoi phu trach | B13: Van ban | C13: Co | D13: Dropdown | E13: Nguoi dung cap nhat | F13: Co
A14: Ghi chu | B14: Van ban | C14: Co | D14: Nhap tay | E14: Nguoi dung cap nhat | F14: Co

Sheet Kiem tra
A1: Kiem tra chat luong
A2: Checklist tu dong de phat hien dong thieu du lieu, canh bao va bat thuong.
A4: Hang muc kiem tra | B4: Ket qua | C4: Ghi chu
A5: So dong co du lieu | B5: =COUNTA('Nhap lieu'!A5:A64) | C5: Theo doi quy mo du lieu
A6: Dong thieu trang thai | B6: =COUNTBLANK('Nhap lieu'!H5:H64) | C6: Can bo sung de dashboard dung
A7: Dong thieu nguoi phu trach | B7: =COUNTBLANK('Nhap lieu'!I5:I64) | C7: Can bo sung owner
A8: Dong can chu y | B8: =COUNTIF('Nhap lieu'!H5:H64,"Can chu y") | C8: Can xu ly uu tien
A9: Gia tri am cot ke hoach | B9: =COUNTIF('Nhap lieu'!D5:D64,"<0") | C9: Khong nen co so am
A10: Gia tri am cot thuc hien | B10: =COUNTIF('Nhap lieu'!E5:E64,"<0") | C10: Khong nen co so am

Sheet Bao cao dieu hanh
A1: Bao cao dieu hanh
A2: Trang tom tat co the copy sang email, Word hoac PowerPoint.
A4: Tom tat
A5: Template Cong no Tai chinh chuyen nghiep 1 da san sang cho nhap lieu, theo doi KPI va kiem tra chat luong.
A8: Diem noi bat
A9: Co dashboard, bang du lieu co validation, chart, checklist loi va tu dien du lieu.
A12: Hanh dong tiep theo
A13: Cap nhat sheet Nhap lieu, kiem tra tab Kiem tra, sau do dung Dashboard/Bao cao dieu hanh.
A16: Rui ro can theo doi
A17: Dong co trang thai Can chu y, thieu owner, thieu trang thai hoac gia tri am.

Sheet Danh muc
A1: Danh muc dung chung
A2: Dung cho dropdown, chuan hoa trang thai va nguoi phu trach.
A4: Trang thai | B4: Nguoi phu trach | C4: Bo phan | D4: Muc do | E4: Ghi chu
A5: Moi | B5: Nguyen An | C5: Kinh doanh | D5: Thap | E5: Co the thay doi theo doanh nghiep
A6: Dang xu ly | B6: Tran Binh | C6: Tai chinh | D6: Trung binh | E6: Co the thay doi theo doanh nghiep
A7: Dung tien do | B7: Le Chi | C7: Nhan su | D7: Cao | E7: Co the thay doi theo doanh nghiep
A8: Can chu y | B8: Pham Dung | C8: Van hanh | D8: Thap | E8: Co the thay doi theo doanh nghiep
A9: Hoan tat | B9: Hoang Linh | C9: Marketing | D9: Trung binh | E9: Co the thay doi theo doanh nghiep
A10: Moi | B10: Do Mai | C10: Ban giam doc | D10: Cao | E10: Co the thay doi theo doanh nghiep
A11: Dang xu ly | B11: Nguyen An | C11: Kinh doanh | D11: Thap | E11: Co the thay doi theo doanh nghiep
A12: Dung tien do | B12: Tran Binh | C12: Tai chinh | D12: Trung binh | E12: Co the thay doi theo doanh nghiep
A13: Can chu y | B13: Le Chi | C13: Nhan su | D13: Cao | E13: Co the thay doi theo doanh nghiep
A14: Hoan tat | B14: Pham Dung | C14: Van hanh | D14: Thap | E14: Co the thay doi theo doanh nghiep
A15: Moi | B15: Hoang Linh | C15: Marketing | D15: Trung binh | E15: Co the thay doi theo doanh nghiep
A16: Dang xu ly | B16: Do Mai | C16: Ban giam doc | D16: Cao | E16: Co the thay doi theo doanh nghiep

Sheet Huong dan
A1: Huong dan su dung template
A2: Quy trinh de ap dung nhanh trong ExcelAI va Excel.
A4: Buoc | B4: Khu vuc | C4: Mo ta
A5: 0 | B5: Control Panel | C5: Dien tham so quan tri, nguong canh bao va nguoi so huu.
A6: 1 | B6: Nhap lieu | C6: Cap nhat cac dong trong sheet Nhap lieu, khong xoa dong header.
A7: 2 | B7: Kiem tra | C7: Dung filter va conditional formatting de tim dong can chu y.
A8: 3 | B8: Dashboard | C8: Dashboard tu cap nhat bang cong thuc va bieu do.
A9: 4 | B9: Tu dien du lieu | C9: Doc mo ta cot de map du lieu doanh nghiep vao template.
A10: 5 | B10: Bao cao dieu hanh | C10: Copy noi dung tom tat sang email, Word hoac PowerPoint.
A11: 6 | B11: Xuat bao cao | C11: Tai len ExcelAI de chat, lam sach, doi soat hoac tao bao cao.
